model,feature_set,n_features,train_cv,valid,test,params
Linear,S1 dq_var,1,8.002042800280597,12.637317237825208,28.55948554371337,{}
Ridge,S1 dq_var,1,8.00258536026939,12.635746378545539,28.564833265658272,{'alpha': 0.01}
ElasticNet,S1 dq_var,1,8.002412777273964,12.636336172567603,28.5640394979189,"{'alpha': 0.0001, 'l1_ratio': 0.1}"
RandomForest,S1 dq_var,1,9.492332795543039,13.418730228239491,28.212143606689942,"{'max_depth': 3, 'min_samples_leaf': 1}"
XGBoost,S1 dq_var,1,10.847597576875202,13.022668052322995,32.478127629340925,"{'max_depth': 2, 'learning_rate': 0.03}"
Linear,S2 + dq_lowv_mean,2,8.785700519495647,10.483229506976343,29.762610211973527,{}
Ridge,S2 + dq_lowv_mean,2,8.791780869566903,10.500365592442536,29.759243799381963,{'alpha': 0.01}
ElasticNet,S2 + dq_lowv_mean,2,8.785029402002166,10.494626750928433,29.75909526930578,"{'alpha': 0.0001, 'l1_ratio': 0.1}"
RandomForest,S2 + dq_lowv_mean,2,10.395615112069548,13.2698184179525,30.612721694748863,"{'max_depth': 2, 'min_samples_leaf': 1}"
XGBoost,S2 + dq_lowv_mean,2,12.203050020527646,13.638549964864755,30.803991804685722,"{'max_depth': 2, 'learning_rate': 0.03}"
Linear,"S3 + qd_2, fade_slope_91_100",4,7.213976125001404,7.931945592879769,43.463686342989305,{}
Ridge,"S3 + qd_2, fade_slope_91_100",4,7.217521598161801,7.942448528681675,43.48674800016268,{'alpha': 0.01}
ElasticNet,"S3 + qd_2, fade_slope_91_100",4,6.971580950039209,8.135478655147455,44.46054336932467,"{'alpha': 0.001, 'l1_ratio': 0.9}"
RandomForest,"S3 + qd_2, fade_slope_91_100",4,10.891432854005018,12.352571818899996,32.926417449610824,"{'max_depth': 3, 'min_samples_leaf': 1}"
XGBoost,"S3 + qd_2, fade_slope_91_100",4,11.220471099897896,9.903977425750128,41.19685909652554,"{'max_depth': 2, 'learning_rate': 0.03}"
Linear,ALL 후보 20개 (비교용),20,32.42257826084184,9.537038277861445,81.10534291853749,{}
Ridge,ALL 후보 20개 (비교용),20,7.50854363822897,8.635841217460795,34.79307848276379,{'alpha': 1}
ElasticNet,ALL 후보 20개 (비교용),20,6.629927148261591,7.8058140417298585,27.265813289321976,"{'alpha': 0.01, 'l1_ratio': 0.1}"
RandomForest,ALL 후보 20개 (비교용),20,12.555402006400765,9.42927687122023,31.775423044612317,"{'max_depth': 3, 'min_samples_leaf': 3}"
XGBoost,ALL 후보 20개 (비교용),20,12.921738909539396,7.806284790852838,40.5580083672589,"{'max_depth': 2, 'learning_rate': 0.03}"
